Job ID,Job URL,Job Title,Company Name,Status,Timestamp,WP ID
c471c47f5fd2cfd1,https://fm.linkedin.com/jobs/view/channel-marketing-coordinator-%E2%80%93-partner-engagement-activation-at-8x8-4411785287,Channel Marketing Coordinator – Partner Engagement & Activation,8x8,posted,2026-07-07T00:21:58.298578,19
2677985a0eaa50b3,https://fm.linkedin.com/jobs/view/customer-service-representative-part-time-chuuk-at-united-airlines-4438193566,"Customer Service Representative - Part Time, Chuuk",United Airlines,posted,2026-07-08T15:55:30.442140,31
a1e06956115a7e70,https://fm.linkedin.com/jobs/view/conservation-coordinator-kosrae-at-the-nature-conservancy-4429398551,"Conservation Coordinator, Kosrae",The Nature Conservancy,posted,2026-07-10T11:25:51.411178,33
a9af05b92be2dce6,https://fm.linkedin.com/jobs/view/customer-service-representative-part-time-kosrae-at-united-airlines-4439054004,"Customer Service Representative - Part Time, Kosrae",United Airlines,posted,2026-07-10T18:18:26.425935,35
7b814fecca82a368,https://fm.linkedin.com/jobs/view/project-associate-at-vacancies-at-iom-indonesia-4440008312,Project Associate,Vacancies at IOM Indonesia,posted,2026-07-13T12:44:12.955106,37
3bb2aed209bae820,https://fm.linkedin.com/jobs/view/reporting-officer-p-at-iom-un-migration-4441445131,Reporting Officer (P),IOM - UN Migration,posted,2026-07-20T12:26:26.548282,39
bc23c53f4e57fb41,https://fm.linkedin.com/jobs/view/monitoring-and-evaluation-officer-reconstruction-p-at-iom-un-migration-4441426766,Monitoring and Evaluation Officer - Reconstruction (P),IOM - UN Migration,posted,2026-07-20T12:26:41.884543,41
0b43476725feb96d,https://fm.linkedin.com/jobs/view/chief-of-party-p-at-iom-un-migration-4441438323,Chief of Party (P),IOM - UN Migration,posted,2026-07-20T12:26:54.242992,43
a1f1a5ffdf9d8be0,https://fm.linkedin.com/jobs/view/programme-officer-construction-p-at-iom-un-migration-4441445132,Programme Officer - Construction (P),IOM - UN Migration,posted,2026-07-20T12:27:07.418966,45
e7596d0910b38e9c,https://fm.linkedin.com/jobs/view/staff-counsellor-p-at-iom-un-migration-4440937644,Staff Counsellor (P),IOM - UN Migration,posted,2026-07-20T12:27:19.419979,47
6dd33b9cea915e2e,https://fm.linkedin.com/jobs/view/program-engineer-p-at-iom-un-migration-4441438322,Program Engineer (P),IOM - UN Migration,posted,2026-07-20T12:27:31.192327,49
